<?xml version="1.0" encoding="UTF-8"?>
<project-private xmlns="http://www.netbeans.org/ns/project-private/1">
    <editor-bookmarks xmlns="http://www.netbeans.org/ns/editor-bookmarks/2" lastBookmarkId="0"/>
    <open-files xmlns="http://www.netbeans.org/ns/projectui-open-files/2">
        <group>
            <file>file:/D:/Usuario/Área%20de%20Trabalho/Projeto%20Extensão/Back/ProjExtensãoAtual/ProjetoExtensao2.0/web/cadastros/tipotrabalho/tipotrabalho.jsp</file>
            <file>file:/D:/Usuario/Área%20de%20Trabalho/Projeto%20Extensão/Back/ProjExtensãoAtual/ProjetoExtensao2.0/web/cadastros/cidade/cidade.jsp</file>
            <file>file:/D:/Usuario/Área%20de%20Trabalho/Projeto%20Extensão/Back/ProjExtensãoAtual/ProjetoExtensao2.0/src/java/br/com/curso/controller/fornecedor/FornecedorListar.java</file>
            <file>file:/D:/Usuario/Área%20de%20Trabalho/Projeto%20Extensão/Back/ProjExtensãoAtual/ProjetoExtensao2.0/web/cadastros/fornecedor/fornecedor.jsp</file>
        </group>
    </open-files>
</project-private>
